<!DOCTYPE InSite>
<InSite version="3.3.0.4" revision="60227" shared="false" location="branches" host="JW7-58" date="Thu Nov 8 2018">
  <remcom::rxapi::Job>
    <Model>
      <remcom::rxapi::X3D>
        <APGAccelerationParameters>
          <remcom::rxapi::APGAccelerationParameters>
            <APGAccelerationBinaryOutput>
              <remcom::rxapi::APGAccelerationBinaryOutputMode Value="None"/>
            </APGAccelerationBinaryOutput>
            <APGAccelerationWorkflow>
              <remcom::rxapi::APGAccelerationWorkflowMode Value="Full"/>
            </APGAccelerationWorkflow>
            <AdjacencyDistance>
              <remcom::rxapi::Double Value="10"/>
            </AdjacencyDistance>
            <BinaryOutputRate>
              <remcom::rxapi::Double Value="0"/>
            </BinaryOutputRate>
            <PathDepth>
              <remcom::rxapi::Integer Value="10"/>
            </PathDepth>
            <WriteDatabase>
              <remcom::rxapi::Boolean Value="true"/>
            </WriteDatabase>
          </remcom::rxapi::APGAccelerationParameters>
        </APGAccelerationParameters>
        <CPUThreads>
          <remcom::rxapi::Integer Value="20"/>
        </CPUThreads>
        <Diffractions>
          <remcom::rxapi::Integer Value="1"/>
        </Diffractions>
        <DiffuseScatteringParameters>
          <remcom::rxapi::DiffuseScatteringParameters>
            <DiffuseScatteringDiffractions>
              <remcom::rxapi::Integer Value="1"/>
            </DiffuseScatteringDiffractions>
            <DiffuseScatteringEnabled>
              <remcom::rxapi::Boolean Value="true"/>
            </DiffuseScatteringEnabled>
            <DiffuseScatteringFinalInteractionOnly>
              <remcom::rxapi::Boolean Value="true"/>
            </DiffuseScatteringFinalInteractionOnly>
            <DiffuseScatteringReflections>
              <remcom::rxapi::Integer Value="2"/>
            </DiffuseScatteringReflections>
            <DiffuseScatteringTransmissions>
              <remcom::rxapi::Integer Value="0"/>
            </DiffuseScatteringTransmissions>
          </remcom::rxapi::DiffuseScatteringParameters>
        </DiffuseScatteringParameters>
        <FoliageModel>
          <remcom::rxapi::FoliageModelEnum Value="None"/>
        </FoliageModel>
        <Humidity>
          <remcom::rxapi::Double Value="50"/>
        </Humidity>
        <InitialRayMode>
          <remcom::rxapi::PhiThetaSweepRayMode>
            <StartPhi>
              <remcom::rxapi::Double Value="0"/>
            </StartPhi>
            <StartTheta>
              <remcom::rxapi::Double Value="0"/>
            </StartTheta>
            <StopPhi>
              <remcom::rxapi::Double Value="360"/>
            </StopPhi>
            <StopTheta>
              <remcom::rxapi::Double Value="180"/>
            </StopTheta>
          </remcom::rxapi::PhiThetaSweepRayMode>
        </InitialRayMode>
        <MaximumStoredPaths>
          <remcom::rxapi::Integer Value="250"/>
        </MaximumStoredPaths>
        <OutputRequestList>
          <remcom::rxapi::OutputRequestList>
            <BinaryOutputRequestList>
              <remcom::rxapi::BinaryOutputRequestList>
                <BinaryOutputRequest>
                  <remcom::rxapi::BinaryOutputRequest>
                    <BinaryOutputRequestType>
                      <remcom::rxapi::BinaryOutputRequestTypeEnum Value="None"/>
                    </BinaryOutputRequestType>
                  </remcom::rxapi::BinaryOutputRequest>
                </BinaryOutputRequest>
                <Requested>
                  <remcom::rxapi::Boolean Value="false"/>
                </Requested>
                <ValidForModel>
                  <remcom::rxapi::Boolean Value="true"/>
                </ValidForModel>
              </remcom::rxapi::BinaryOutputRequestList>
            </BinaryOutputRequestList>
            <ComplexE_Field>
              <remcom::rxapi::OutputRequest>
                <Requested>
                  <remcom::rxapi::Boolean Value="false"/>
                </Requested>
                <ValidForModel>
                  <remcom::rxapi::Boolean Value="true"/>
                </ValidForModel>
              </remcom::rxapi::OutputRequest>
            </ComplexE_Field>
            <ComplexImpulseResponse>
              <remcom::rxapi::OutputRequest>
                <Requested>
                  <remcom::rxapi::Boolean Value="true"/>
                </Requested>
                <ValidForModel>
                  <remcom::rxapi::Boolean Value="true"/>
                </ValidForModel>
              </remcom::rxapi::OutputRequest>
            </ComplexImpulseResponse>
            <DelaySpread>
              <remcom::rxapi::OutputRequest>
                <Requested>
                  <remcom::rxapi::Boolean Value="false"/>
                </Requested>
                <ValidForModel>
                  <remcom::rxapi::Boolean Value="true"/>
                </ValidForModel>
              </remcom::rxapi::OutputRequest>
            </DelaySpread>
            <DiffuseScatterReceivedPower>
              <remcom::rxapi::OutputRequest>
                <Requested>
                  <remcom::rxapi::Boolean Value="false"/>
                </Requested>
                <ValidForModel>
                  <remcom::rxapi::Boolean Value="true"/>
                </ValidForModel>
              </remcom::rxapi::OutputRequest>
            </DiffuseScatterReceivedPower>
            <DirectionOfArrival>
              <remcom::rxapi::OutputRequest>
                <Requested>
                  <remcom::rxapi::Boolean Value="true"/>
                </Requested>
                <ValidForModel>
                  <remcom::rxapi::Boolean Value="true"/>
                </ValidForModel>
              </remcom::rxapi::OutputRequest>
            </DirectionOfArrival>
            <DirectionOfDeparture>
              <remcom::rxapi::OutputRequest>
                <Requested>
                  <remcom::rxapi::Boolean Value="true"/>
                </Requested>
                <ValidForModel>
                  <remcom::rxapi::Boolean Value="true"/>
                </ValidForModel>
              </remcom::rxapi::OutputRequest>
            </DirectionOfDeparture>
            <Doppler>
              <remcom::rxapi::OutputRequest>
                <Requested>
                  <remcom::rxapi::Boolean Value="true"/>
                </Requested>
                <ValidForModel>
                  <remcom::rxapi::Boolean Value="true"/>
                </ValidForModel>
              </remcom::rxapi::OutputRequest>
            </Doppler>
            <E_Field>
              <remcom::rxapi::OutputRequest>
                <Requested>
                  <remcom::rxapi::Boolean Value="false"/>
                </Requested>
                <ValidForModel>
                  <remcom::rxapi::Boolean Value="true"/>
                </ValidForModel>
              </remcom::rxapi::OutputRequest>
            </E_Field>
            <E_FieldRMS>
              <remcom::rxapi::OutputRequest>
                <Requested>
                  <remcom::rxapi::Boolean Value="false"/>
                </Requested>
                <ValidForModel>
                  <remcom::rxapi::Boolean Value="true"/>
                </ValidForModel>
              </remcom::rxapi::OutputRequest>
            </E_FieldRMS>
            <E_FieldVsTime>
              <remcom::rxapi::OutputRequest>
                <Requested>
                  <remcom::rxapi::Boolean Value="false"/>
                </Requested>
                <ValidForModel>
                  <remcom::rxapi::Boolean Value="false"/>
                </ValidForModel>
              </remcom::rxapi::OutputRequest>
            </E_FieldVsTime>
            <ExcessPathLoss>
              <remcom::rxapi::OutputRequest>
                <Requested>
                  <remcom::rxapi::Boolean Value="false"/>
                </Requested>
                <ValidForModel>
                  <remcom::rxapi::Boolean Value="true"/>
                </ValidForModel>
              </remcom::rxapi::OutputRequest>
            </ExcessPathLoss>
            <ExcessPathLossWithoutAntennas>
              <remcom::rxapi::OutputRequest>
                <Requested>
                  <remcom::rxapi::Boolean Value="false"/>
                </Requested>
                <ValidForModel>
                  <remcom::rxapi::Boolean Value="true"/>
                </ValidForModel>
              </remcom::rxapi::OutputRequest>
            </ExcessPathLossWithoutAntennas>
            <ExcessTimeOfArrival>
              <remcom::rxapi::OutputRequest>
                <Requested>
                  <remcom::rxapi::Boolean Value="false"/>
                </Requested>
                <ValidForModel>
                  <remcom::rxapi::Boolean Value="true"/>
                </ValidForModel>
              </remcom::rxapi::OutputRequest>
            </ExcessTimeOfArrival>
            <FreeSpacePathLoss>
              <remcom::rxapi::OutputRequest>
                <Requested>
                  <remcom::rxapi::Boolean Value="false"/>
                </Requested>
                <ValidForModel>
                  <remcom::rxapi::Boolean Value="true"/>
                </ValidForModel>
              </remcom::rxapi::OutputRequest>
            </FreeSpacePathLoss>
            <FreeSpacePathLossWithoutAntennas>
              <remcom::rxapi::OutputRequest>
                <Requested>
                  <remcom::rxapi::Boolean Value="false"/>
                </Requested>
                <ValidForModel>
                  <remcom::rxapi::Boolean Value="true"/>
                </ValidForModel>
              </remcom::rxapi::OutputRequest>
            </FreeSpacePathLossWithoutAntennas>
            <FreeSpaceReceivedPower>
              <remcom::rxapi::OutputRequest>
                <Requested>
                  <remcom::rxapi::Boolean Value="false"/>
                </Requested>
                <ValidForModel>
                  <remcom::rxapi::Boolean Value="true"/>
                </ValidForModel>
              </remcom::rxapi::OutputRequest>
            </FreeSpaceReceivedPower>
            <FreeSpaceReceivedPowerWithoutAntennas>
              <remcom::rxapi::OutputRequest>
                <Requested>
                  <remcom::rxapi::Boolean Value="false"/>
                </Requested>
                <ValidForModel>
                  <remcom::rxapi::Boolean Value="true"/>
                </ValidForModel>
              </remcom::rxapi::OutputRequest>
            </FreeSpaceReceivedPowerWithoutAntennas>
            <H_Field>
              <remcom::rxapi::OutputRequest>
                <Requested>
                  <remcom::rxapi::Boolean Value="false"/>
                </Requested>
                <ValidForModel>
                  <remcom::rxapi::Boolean Value="true"/>
                </ValidForModel>
              </remcom::rxapi::OutputRequest>
            </H_Field>
            <H_FieldRMS>
              <remcom::rxapi::OutputRequest>
                <Requested>
                  <remcom::rxapi::Boolean Value="false"/>
                </Requested>
                <ValidForModel>
                  <remcom::rxapi::Boolean Value="true"/>
                </ValidForModel>
              </remcom::rxapi::OutputRequest>
            </H_FieldRMS>
            <MeanDirectionOfArrival>
              <remcom::rxapi::OutputRequest>
                <Requested>
                  <remcom::rxapi::Boolean Value="false"/>
                </Requested>
                <ValidForModel>
                  <remcom::rxapi::Boolean Value="true"/>
                </ValidForModel>
              </remcom::rxapi::OutputRequest>
            </MeanDirectionOfArrival>
            <MeanDirectionOfDeparture>
              <remcom::rxapi::OutputRequest>
                <Requested>
                  <remcom::rxapi::Boolean Value="false"/>
                </Requested>
                <ValidForModel>
                  <remcom::rxapi::Boolean Value="true"/>
                </ValidForModel>
              </remcom::rxapi::OutputRequest>
            </MeanDirectionOfDeparture>
            <MeanTimeOfArrival>
              <remcom::rxapi::OutputRequest>
                <Requested>
                  <remcom::rxapi::Boolean Value="false"/>
                </Requested>
                <ValidForModel>
                  <remcom::rxapi::Boolean Value="true"/>
                </ValidForModel>
              </remcom::rxapi::OutputRequest>
            </MeanTimeOfArrival>
            <PathGain>
              <remcom::rxapi::OutputRequest>
                <Requested>
                  <remcom::rxapi::Boolean Value="true"/>
                </Requested>
                <ValidForModel>
                  <remcom::rxapi::Boolean Value="true"/>
                </ValidForModel>
              </remcom::rxapi::OutputRequest>
            </PathGain>
            <PathLoss>
              <remcom::rxapi::OutputRequest>
                <Requested>
                  <remcom::rxapi::Boolean Value="true"/>
                </Requested>
                <ValidForModel>
                  <remcom::rxapi::Boolean Value="true"/>
                </ValidForModel>
              </remcom::rxapi::OutputRequest>
            </PathLoss>
            <PoyntingVector>
              <remcom::rxapi::OutputRequest>
                <Requested>
                  <remcom::rxapi::Boolean Value="false"/>
                </Requested>
                <ValidForModel>
                  <remcom::rxapi::Boolean Value="true"/>
                </ValidForModel>
              </remcom::rxapi::OutputRequest>
            </PoyntingVector>
            <PoyntingVectorRMS>
              <remcom::rxapi::OutputRequest>
                <Requested>
                  <remcom::rxapi::Boolean Value="false"/>
                </Requested>
                <ValidForModel>
                  <remcom::rxapi::Boolean Value="true"/>
                </ValidForModel>
              </remcom::rxapi::OutputRequest>
            </PoyntingVectorRMS>
            <PropagationPaths>
              <remcom::rxapi::PropagationPathRequest>
                <MaximumPathsPerReceiverPoint>
                  <remcom::rxapi::Integer Value="10"/>
                </MaximumPathsPerReceiverPoint>
                <Requested>
                  <remcom::rxapi::Boolean Value="true"/>
                </Requested>
                <SumEFields>
                  <remcom::rxapi::EFieldSumEnum Value="AllPaths"/>
                </SumEFields>
                <ValidForModel>
                  <remcom::rxapi::Boolean Value="true"/>
                </ValidForModel>
              </remcom::rxapi::PropagationPathRequest>
            </PropagationPaths>
            <ReceivedPower>
              <remcom::rxapi::OutputRequest>
                <Requested>
                  <remcom::rxapi::Boolean Value="false"/>
                </Requested>
                <ValidForModel>
                  <remcom::rxapi::Boolean Value="true"/>
                </ValidForModel>
              </remcom::rxapi::OutputRequest>
            </ReceivedPower>
            <TimeOfArrival>
              <remcom::rxapi::OutputRequest>
                <Requested>
                  <remcom::rxapi::Boolean Value="true"/>
                </Requested>
                <ValidForModel>
                  <remcom::rxapi::Boolean Value="true"/>
                </ValidForModel>
              </remcom::rxapi::OutputRequest>
            </TimeOfArrival>
            <TransmissionLoss>
              <remcom::rxapi::OutputRequest>
                <Requested>
                  <remcom::rxapi::Boolean Value="false"/>
                </Requested>
                <ValidForModel>
                  <remcom::rxapi::Boolean Value="true"/>
                </ValidForModel>
              </remcom::rxapi::OutputRequest>
            </TransmissionLoss>
          </remcom::rxapi::OutputRequestList>
        </OutputRequestList>
        <PhaseReferencePoint>
          <remcom::rxapi::CartesianPoint>
            <X>
              <remcom::rxapi::Double Value="17.07489013671875"/>
            </X>
            <Y>
              <remcom::rxapi::Double Value="-22.7279052734375"/>
            </Y>
            <Z>
              <remcom::rxapi::Double Value="13.620494842529297"/>
            </Z>
          </remcom::rxapi::CartesianPoint>
        </PhaseReferencePoint>
        <Pressure>
          <remcom::rxapi::Double Value="1013.25"/>
        </Pressure>
        <RaySpacing>
          <remcom::rxapi::Double Value="0.25"/>
        </RaySpacing>
        <Reflections>
          <remcom::rxapi::Integer Value="6"/>
        </Reflections>
        <Temperature>
          <remcom::rxapi::Double Value="22.199999999999999"/>
        </Temperature>
        <TerminalRefraction>
          <remcom::rxapi::Boolean Value="false"/>
        </TerminalRefraction>
        <TerrainDiffractions>
          <remcom::rxapi::Boolean Value="false"/>
        </TerrainDiffractions>
        <Transmissions>
          <remcom::rxapi::Integer Value="0"/>
        </Transmissions>
        <UseGPU>
          <remcom::rxapi::Boolean Value="true"/>
        </UseGPU>
      </remcom::rxapi::X3D>
    </Model>
    <OutputLocation>
      <remcom::rxapi::String Value="study_area_asu5"/>
    </OutputLocation>
    <OutputPrefix>
      <remcom::rxapi::String Value="asu_campus"/>
    </OutputPrefix>
    <PathResultsDatabase>
      <remcom::rxapi::PathResultsDatabase>
        <Filename>
          <remcom::rxapi::FileDescription>
            <Filename>
              <remcom::rxapi::String Value="./study_area_asu5/asu_campus.study_area_asu5.sqlite"/>
            </Filename>
            <FilenameChecksum>
              <remcom::rxapi::String/>
            </FilenameChecksum>
          </remcom::rxapi::FileDescription>
        </Filename>
      </remcom::rxapi::PathResultsDatabase>
    </PathResultsDatabase>
    <ProjectID>
      <remcom::rxapi::String Value="7282"/>
    </ProjectID>
    <Scene>
      <remcom::rxapi::Scene>
        <AntennaList>
          <remcom::rxapi::AntennaList>
            <Antenna>
              <remcom::rxapi::Isotropic>
                <CableLoss>
                  <remcom::rxapi::Double Value="0"/>
                </CableLoss>
                <Polarization>
                  <remcom::rxapi::PolarizationEnum Value="Vertical"/>
                </Polarization>
                <PowerThreshold>
                  <remcom::rxapi::Double Value="-250"/>
                </PowerThreshold>
                <Temperature>
                  <remcom::rxapi::Double Value="293"/>
                </Temperature>
                <VSWR>
                  <remcom::rxapi::Double Value="1"/>
                </VSWR>
                <Waveform>
                  <remcom::rxapi::Sinusoid>
                    <Amplitude>
                      <remcom::rxapi::Double Value="1"/>
                    </Amplitude>
                    <Bandwidth>
                      <remcom::rxapi::Double Value="100"/>
                    </Bandwidth>
                    <CarrierFrequency>
                      <remcom::rxapi::Double Value="3500000000"/>
                    </CarrierFrequency>
                    <Dispersive>
                      <remcom::rxapi::Boolean Value="false"/>
                    </Dispersive>
                    <Phase>
                      <remcom::rxapi::Double Value="0"/>
                    </Phase>
                  </remcom::rxapi::Sinusoid>
                </Waveform>
              </remcom::rxapi::Isotropic>
            </Antenna>
          </remcom::rxapi::AntennaList>
        </AntennaList>
        <GeometryList>
          <remcom::rxapi::GeometryList>
            <Geometry>
              <remcom::rxapi::City>
                <GeometrySource>
                  <remcom::rxapi::WirelessInSiteGeometry>
                    <Filename>
                      <remcom::rxapi::FileDescription>
                        <Filename>
                          <remcom::rxapi::String Value="./asu_buildings.city"/>
                        </Filename>
                        <FilenameChecksum>
                          <remcom::rxapi::String/>
                        </FilenameChecksum>
                      </remcom::rxapi::FileDescription>
                    </Filename>
                  </remcom::rxapi::WirelessInSiteGeometry>
                </GeometrySource>
              </remcom::rxapi::City>
            </Geometry>
            <Geometry>
              <remcom::rxapi::Terrain>
                <GeometrySource>
                  <remcom::rxapi::WirelessInSiteGeometry>
                    <Filename>
                      <remcom::rxapi::FileDescription>
                        <Filename>
                          <remcom::rxapi::String Value="./asu_plane.ter"/>
                        </Filename>
                        <FilenameChecksum>
                          <remcom::rxapi::String/>
                        </FilenameChecksum>
                      </remcom::rxapi::FileDescription>
                    </Filename>
                    <MaterialList>
                      <remcom::rxapi::MaterialList>
                        <Material>
                          <remcom::rxapi::LayeredDielectric>
                            <DielectricLayer>
                              <remcom::rxapi::DielectricLayer>
                                <Conductivity>
                                  <remcom::rxapi::Double Value="0.089870000000000005"/>
                                </Conductivity>
                                <Description>
                                  <remcom::rxapi::String/>
                                </Description>
                                <Permittivity>
                                  <remcom::rxapi::Double Value="5.3099999999999996"/>
                                </Permittivity>
                                <Roughness>
                                  <remcom::rxapi::Double Value="0"/>
                                </Roughness>
                                <Thickness>
                                  <remcom::rxapi::Double Value="0.29999999999999999"/>
                                </Thickness>
                              </remcom::rxapi::DielectricLayer>
                            </DielectricLayer>
                            <DiffuseScattering>
                              <remcom::rxapi::DiffuseScatteringMaterialProperties>
                                <Alpha>
                                  <remcom::rxapi::Integer Value="4"/>
                                </Alpha>
                                <Beta>
                                  <remcom::rxapi::Integer Value="4"/>
                                </Beta>
                                <CrossPolFraction>
                                  <remcom::rxapi::Double Value="0.40000000000000002"/>
                                </CrossPolFraction>
                                <Lambda>
                                  <remcom::rxapi::Double Value="0.75"/>
                                </Lambda>
                                <ScatteringFactor>
                                  <remcom::rxapi::Double Value="0.20000000000000001"/>
                                </ScatteringFactor>
                                <ScatteringModel>
                                  <remcom::rxapi::DiffuseScatteringModelEnum Value="DirectiveWithBackscatter"/>
                                </ScatteringModel>
                                <SubdivideFacets>
                                  <remcom::rxapi::Boolean Value="true"/>
                                </SubdivideFacets>
                                <UseReflectionCoefficient>
                                  <remcom::rxapi::UseReflectionCoefficientEnum Value="DoNotUse"/>
                                </UseReflectionCoefficient>
                              </remcom::rxapi::DiffuseScatteringMaterialProperties>
                            </DiffuseScattering>
                            <Index>
                              <remcom::rxapi::Integer Value="1"/>
                            </Index>
                            <Thickness>
                              <remcom::rxapi::Double Value="0"/>
                            </Thickness>
                          </remcom::rxapi::LayeredDielectric>
                        </Material>
                      </remcom::rxapi::MaterialList>
                    </MaterialList>
                  </remcom::rxapi::WirelessInSiteGeometry>
                </GeometrySource>
              </remcom::rxapi::Terrain>
            </Geometry>
          </remcom::rxapi::GeometryList>
        </GeometryList>
        <Origin>
          <remcom::rxapi::GeographicPoint>
            <Altitude>
              <remcom::rxapi::Double Value="0"/>
            </Altitude>
            <Latitude>
              <remcom::rxapi::Double Value="0"/>
            </Latitude>
            <Longitude>
              <remcom::rxapi::Double Value="0"/>
            </Longitude>
          </remcom::rxapi::GeographicPoint>
        </Origin>
        <TxRxSetList>
          <remcom::rxapi::TxRxSetList>
            <TxRxSet>
              <remcom::rxapi::GridSet>
                <AdjacencyDistance>
                  <remcom::rxapi::Double Value="10"/>
                </AdjacencyDistance>
                <ConformToTerrain>
                  <remcom::rxapi::Boolean Value="true"/>
                </ConformToTerrain>
                <ControlPoints>
                  <remcom::rxapi::ProjectedPointList>
                    <ProjectedPoint>
                      <remcom::rxapi::CartesianPoint>
                        <X>
                          <remcom::rxapi::Double Value="-225.55105590820307"/>
                        </X>
                        <Y>
                          <remcom::rxapi::Double Value="-160.169189453125"/>
                        </Y>
                        <Z>
                          <remcom::rxapi::Double Value="1.5"/>
                        </Z>
                      </remcom::rxapi::CartesianPoint>
                    </ProjectedPoint>
                  </remcom::rxapi::ProjectedPointList>
                </ControlPoints>
                <LengthX>
                  <remcom::rxapi::Double Value="410"/>
                </LengthX>
                <LengthY>
                  <remcom::rxapi::Double Value="320"/>
                </LengthY>
                <OutputID>
                  <remcom::rxapi::Integer Value="4"/>
                </OutputID>
                <PlanarRotation>
                  <remcom::rxapi::Double Value="0"/>
                </PlanarRotation>
                <Receiver>
                  <remcom::rxapi::Receiver>
                    <Antenna>
                      <remcom::rxapi::Isotropic>
                        <CableLoss>
                          <remcom::rxapi::Double Value="0"/>
                        </CableLoss>
                        <Polarization>
                          <remcom::rxapi::PolarizationEnum Value="Vertical"/>
                        </Polarization>
                        <PowerThreshold>
                          <remcom::rxapi::Double Value="-250"/>
                        </PowerThreshold>
                        <Temperature>
                          <remcom::rxapi::Double Value="293"/>
                        </Temperature>
                        <VSWR>
                          <remcom::rxapi::Double Value="1"/>
                        </VSWR>
                        <Waveform>
                          <remcom::rxapi::Sinusoid>
                            <Amplitude>
                              <remcom::rxapi::Double Value="1"/>
                            </Amplitude>
                            <Bandwidth>
                              <remcom::rxapi::Double Value="100"/>
                            </Bandwidth>
                            <CarrierFrequency>
                              <remcom::rxapi::Double Value="3500000000"/>
                            </CarrierFrequency>
                            <Dispersive>
                              <remcom::rxapi::Boolean Value="false"/>
                            </Dispersive>
                            <Phase>
                              <remcom::rxapi::Double Value="0"/>
                            </Phase>
                          </remcom::rxapi::Sinusoid>
                        </Waveform>
                      </remcom::rxapi::Isotropic>
                    </Antenna>
                    <AntennaRotations>
                      <remcom::rxapi::Rotations>
                        <Bearing>
                          <remcom::rxapi::Double Value="0"/>
                        </Bearing>
                        <Pitch>
                          <remcom::rxapi::Double Value="0"/>
                        </Pitch>
                        <Roll>
                          <remcom::rxapi::Double Value="0"/>
                        </Roll>
                      </remcom::rxapi::Rotations>
                    </AntennaRotations>
                    <CollectionRadius>
                      <remcom::rxapi::Double Value="0"/>
                    </CollectionRadius>
                  </remcom::rxapi::Receiver>
                </Receiver>
                <ShortDescription>
                  <remcom::rxapi::String Value="rx_grid"/>
                </ShortDescription>
                <Spacing>
                  <remcom::rxapi::Double Value="1"/>
                </Spacing>
                <UseAPGAcceleration>
                  <remcom::rxapi::Boolean Value="true"/>
                </UseAPGAcceleration>
              </remcom::rxapi::GridSet>
            </TxRxSet>
            <TxRxSet>
              <remcom::rxapi::PointSet>
                <AdjacencyDistance>
                  <remcom::rxapi::Double Value="10"/>
                </AdjacencyDistance>
                <ConformToTerrain>
                  <remcom::rxapi::Boolean Value="true"/>
                </ConformToTerrain>
                <ControlPoints>
                  <remcom::rxapi::ProjectedPointList>
                    <ProjectedPoint>
                      <remcom::rxapi::CartesianPoint>
                        <X>
                          <remcom::rxapi::Double Value="166"/>
                        </X>
                        <Y>
                          <remcom::rxapi::Double Value="104"/>
                        </Y>
                        <Z>
                          <remcom::rxapi::Double Value="22"/>
                        </Z>
                      </remcom::rxapi::CartesianPoint>
                    </ProjectedPoint>
                  </remcom::rxapi::ProjectedPointList>
                </ControlPoints>
                <OutputID>
                  <remcom::rxapi::Integer Value="1"/>
                </OutputID>
                <Receiver>
                  <remcom::rxapi::Receiver>
                    <Antenna>
                      <remcom::rxapi::Isotropic>
                        <CableLoss>
                          <remcom::rxapi::Double Value="0"/>
                        </CableLoss>
                        <Polarization>
                          <remcom::rxapi::PolarizationEnum Value="Vertical"/>
                        </Polarization>
                        <PowerThreshold>
                          <remcom::rxapi::Double Value="-250"/>
                        </PowerThreshold>
                        <Temperature>
                          <remcom::rxapi::Double Value="293"/>
                        </Temperature>
                        <VSWR>
                          <remcom::rxapi::Double Value="1"/>
                        </VSWR>
                        <Waveform>
                          <remcom::rxapi::Sinusoid>
                            <Amplitude>
                              <remcom::rxapi::Double Value="1"/>
                            </Amplitude>
                            <Bandwidth>
                              <remcom::rxapi::Double Value="100"/>
                            </Bandwidth>
                            <CarrierFrequency>
                              <remcom::rxapi::Double Value="3500000000"/>
                            </CarrierFrequency>
                            <Dispersive>
                              <remcom::rxapi::Boolean Value="false"/>
                            </Dispersive>
                            <Phase>
                              <remcom::rxapi::Double Value="0"/>
                            </Phase>
                          </remcom::rxapi::Sinusoid>
                        </Waveform>
                      </remcom::rxapi::Isotropic>
                    </Antenna>
                    <AntennaRotations>
                      <remcom::rxapi::Rotations>
                        <Bearing>
                          <remcom::rxapi::Double Value="0"/>
                        </Bearing>
                        <Pitch>
                          <remcom::rxapi::Double Value="0"/>
                        </Pitch>
                        <Roll>
                          <remcom::rxapi::Double Value="0"/>
                        </Roll>
                      </remcom::rxapi::Rotations>
                    </AntennaRotations>
                    <CollectionRadius>
                      <remcom::rxapi::Double Value="0"/>
                    </CollectionRadius>
                  </remcom::rxapi::Receiver>
                </Receiver>
                <ShortDescription>
                  <remcom::rxapi::String Value="BS"/>
                </ShortDescription>
                <Transmitter>
                  <remcom::rxapi::Transmitter>
                    <Antenna>
                      <remcom::rxapi::Isotropic>
                        <CableLoss>
                          <remcom::rxapi::Double Value="0"/>
                        </CableLoss>
                        <Polarization>
                          <remcom::rxapi::PolarizationEnum Value="Vertical"/>
                        </Polarization>
                        <PowerThreshold>
                          <remcom::rxapi::Double Value="-250"/>
                        </PowerThreshold>
                        <Temperature>
                          <remcom::rxapi::Double Value="293"/>
                        </Temperature>
                        <VSWR>
                          <remcom::rxapi::Double Value="1"/>
                        </VSWR>
                        <Waveform>
                          <remcom::rxapi::Sinusoid>
                            <Amplitude>
                              <remcom::rxapi::Double Value="1"/>
                            </Amplitude>
                            <Bandwidth>
                              <remcom::rxapi::Double Value="100"/>
                            </Bandwidth>
                            <CarrierFrequency>
                              <remcom::rxapi::Double Value="3500000000"/>
                            </CarrierFrequency>
                            <Dispersive>
                              <remcom::rxapi::Boolean Value="false"/>
                            </Dispersive>
                            <Phase>
                              <remcom::rxapi::Double Value="0"/>
                            </Phase>
                          </remcom::rxapi::Sinusoid>
                        </Waveform>
                      </remcom::rxapi::Isotropic>
                    </Antenna>
                    <AntennaRotations>
                      <remcom::rxapi::Rotations>
                        <Bearing>
                          <remcom::rxapi::Double Value="0"/>
                        </Bearing>
                        <Pitch>
                          <remcom::rxapi::Double Value="0"/>
                        </Pitch>
                        <Roll>
                          <remcom::rxapi::Double Value="0"/>
                        </Roll>
                      </remcom::rxapi::Rotations>
                    </AntennaRotations>
                    <InputPower>
                      <remcom::rxapi::Double Value="0"/>
                    </InputPower>
                  </remcom::rxapi::Transmitter>
                </Transmitter>
                <UseAPGAcceleration>
                  <remcom::rxapi::Boolean Value="false"/>
                </UseAPGAcceleration>
              </remcom::rxapi::PointSet>
            </TxRxSet>
          </remcom::rxapi::TxRxSetList>
        </TxRxSetList>
        <WaveformList>
          <remcom::rxapi::WaveformList>
            <Waveform>
              <remcom::rxapi::Sinusoid>
                <Amplitude>
                  <remcom::rxapi::Double Value="1"/>
                </Amplitude>
                <Bandwidth>
                  <remcom::rxapi::Double Value="100"/>
                </Bandwidth>
                <CarrierFrequency>
                  <remcom::rxapi::Double Value="3500000000"/>
                </CarrierFrequency>
                <Dispersive>
                  <remcom::rxapi::Boolean Value="false"/>
                </Dispersive>
                <Phase>
                  <remcom::rxapi::Double Value="0"/>
                </Phase>
              </remcom::rxapi::Sinusoid>
            </Waveform>
          </remcom::rxapi::WaveformList>
        </WaveformList>
      </remcom::rxapi::Scene>
    </Scene>
  </remcom::rxapi::Job>
</InSite>
